"intersection_id","tollgate_id","total_length","average_width"
"B","1","-0.151050400403","-0.636541105791"
"C","3","0.807538679075","1.3658844878"
"B","3","-1.00755596752","-1.27206221147"
"A","2","-1.23911125165","0.303722358712"
"A","3","-0.0738653056914","-0.878055219108"
"C","1","1.66404424619","1.11705168986"
